combo_id,Bread_1,Bread_2,Bread_3,Bread_4,Bread_5,Vegtable_1,Vegtable_2,Vegtable_3,Vegtable_4,Vegtable_5,Meat_1,Meat_2,Meat_3,Meat_4,Meat_5,Source_1,Source_2,Source_3,Source_4,Source_5
C001,1,0,0,0,0,1,0,0,0,0,1,0,0,0,0,1,0,0,0,0
C002,1,0,0,0,0,1,0,0,0,0,1,0,0,0,0,0,1,0,0,0
C003,1,0,0,0,0,1,0,0,0,0,1,0,0,0,0,0,0,1,0,0
C004,1,0,0,0,0,1,0,0,0,0,1,0,0,0,0,0,0,0,1,0
C005,1,0,0,0,0,1,0,0,0,0,1,0,0,0,0,0,0,0,0,1
C006,1,0,0,0,0,1,0,0,0,0,0,1,0,0,0,1,0,0,0,0
C007,1,0,0,0,0,1,0,0,0,0,0,1,0,0,0,0,1,0,0,0
C008,1,0,0,0,0,1,0,0,0,0,0,1,0,0,0,0,0,1,0,0
C009,1,0,0,0,0,1,0,0,0,0,0,1,0,0,0,0,0,0,1,0
C010,1,0,0,0,0,1,0,0,0,0,0,1,0,0,0,0,0,0,0,1
C011,1,0,0,0,0,1,0,0,0,0,0,0,1,0,0,1,0,0,0,0
C012,1,0,0,0,0,1,0,0,0,0,0,0,1,0,0,0,1,0,0,0
C013,1,0,0,0,0,1,0,0,0,0,0,0,1,0,0,0,0,1,0,0
C014,1,0,0,0,0,1,0,0,0,0,0,0,1,0,0,0,0,0,1,0
C015,1,0,0,0,0,1,0,0,0,0,0,0,1,0,0,0,0,0,0,1
C016,1,0,0,0,0,1,0,0,0,0,0,0,0,1,0,1,0,0,0,0
C017,1,0,0,0,0,1,0,0,0,0,0,0,0,1,0,0,1,0,0,0
C018,1,0,0,0,0,1,0,0,0,0,0,0,0,1,0,0,0,1,0,0
C019,1,0,0,0,0,1,0,0,0,0,0,0,0,1,0,0,0,0,1,0
C020,1,0,0,0,0,1,0,0,0,0,0,0,0,1,0,0,0,0,0,1
C021,1,0,0,0,0,1,0,0,0,0,0,0,0,0,1,1,0,0,0,0
C022,1,0,0,0,0,1,0,0,0,0,0,0,0,0,1,0,1,0,0,0
C023,1,0,0,0,0,1,0,0,0,0,0,0,0,0,1,0,0,1,0,0
C024,1,0,0,0,0,1,0,0,0,0,0,0,0,0,1,0,0,0,1,0
C025,1,0,0,0,0,1,0,0,0,0,0,0,0,0,1,0,0,0,0,1
C026,1,0,0,0,0,0,1,0,0,0,1,0,0,0,0,1,0,0,0,0
C027,1,0,0,0,0,0,1,0,0,0,1,0,0,0,0,0,1,0,0,0
C028,1,0,0,0,0,0,1,0,0,0,1,0,0,0,0,0,0,1,0,0
C029,1,0,0,0,0,0,1,0,0,0,1,0,0,0,0,0,0,0,1,0
C030,1,0,0,0,0,0,1,0,0,0,1,0,0,0,0,0,0,0,0,1
C031,1,0,0,0,0,0,1,0,0,0,0,1,0,0,0,1,0,0,0,0
C032,1,0,0,0,0,0,1,0,0,0,0,1,0,0,0,0,1,0,0,0
C033,1,0,0,0,0,0,1,0,0,0,0,1,0,0,0,0,0,1,0,0
C034,1,0,0,0,0,0,1,0,0,0,0,1,0,0,0,0,0,0,1,0
C035,1,0,0,0,0,0,1,0,0,0,0,1,0,0,0,0,0,0,0,1
C036,1,0,0,0,0,0,1,0,0,0,0,0,1,0,0,1,0,0,0,0
C037,1,0,0,0,0,0,1,0,0,0,0,0,1,0,0,0,1,0,0,0
C038,1,0,0,0,0,0,1,0,0,0,0,0,1,0,0,0,0,1,0,0
C039,1,0,0,0,0,0,1,0,0,0,0,0,1,0,0,0,0,0,1,0
C040,1,0,0,0,0,0,1,0,0,0,0,0,1,0,0,0,0,0,0,1
C041,1,0,0,0,0,0,1,0,0,0,0,0,0,1,0,1,0,0,0,0
C042,1,0,0,0,0,0,1,0,0,0,0,0,0,1,0,0,1,0,0,0
C043,1,0,0,0,0,0,1,0,0,0,0,0,0,1,0,0,0,1,0,0
C044,1,0,0,0,0,0,1,0,0,0,0,0,0,1,0,0,0,0,1,0
C045,1,0,0,0,0,0,1,0,0,0,0,0,0,1,0,0,0,0,0,1
C046,1,0,0,0,0,0,1,0,0,0,0,0,0,0,1,1,0,0,0,0
C047,1,0,0,0,0,0,1,0,0,0,0,0,0,0,1,0,1,0,0,0
C048,1,0,0,0,0,0,1,0,0,0,0,0,0,0,1,0,0,1,0,0
C049,1,0,0,0,0,0,1,0,0,0,0,0,0,0,1,0,0,0,1,0
C050,1,0,0,0,0,0,1,0,0,0,0,0,0,0,1,0,0,0,0,1
C051,1,0,0,0,0,0,0,1,0,0,1,0,0,0,0,1,0,0,0,0
C052,1,0,0,0,0,0,0,1,0,0,1,0,0,0,0,0,1,0,0,0
C053,1,0,0,0,0,0,0,1,0,0,1,0,0,0,0,0,0,1,0,0
C054,1,0,0,0,0,0,0,1,0,0,1,0,0,0,0,0,0,0,1,0
C055,1,0,0,0,0,0,0,1,0,0,1,0,0,0,0,0,0,0,0,1
C056,1,0,0,0,0,0,0,1,0,0,0,1,0,0,0,1,0,0,0,0
C057,1,0,0,0,0,0,0,1,0,0,0,1,0,0,0,0,1,0,0,0
C058,1,0,0,0,0,0,0,1,0,0,0,1,0,0,0,0,0,1,0,0
C059,1,0,0,0,0,0,0,1,0,0,0,1,0,0,0,0,0,0,1,0
C060,1,0,0,0,0,0,0,1,0,0,0,1,0,0,0,0,0,0,0,1
C061,1,0,0,0,0,0,0,1,0,0,0,0,1,0,0,1,0,0,0,0
C062,1,0,0,0,0,0,0,1,0,0,0,0,1,0,0,0,1,0,0,0
C063,1,0,0,0,0,0,0,1,0,0,0,0,1,0,0,0,0,1,0,0
C064,1,0,0,0,0,0,0,1,0,0,0,0,1,0,0,0,0,0,1,0
C065,1,0,0,0,0,0,0,1,0,0,0,0,1,0,0,0,0,0,0,1
C066,1,0,0,0,0,0,0,1,0,0,0,0,0,1,0,1,0,0,0,0
C067,1,0,0,0,0,0,0,1,0,0,0,0,0,1,0,0,1,0,0,0
C068,1,0,0,0,0,0,0,1,0,0,0,0,0,1,0,0,0,1,0,0
C069,1,0,0,0,0,0,0,1,0,0,0,0,0,1,0,0,0,0,1,0
C070,1,0,0,0,0,0,0,1,0,0,0,0,0,1,0,0,0,0,0,1
C071,1,0,0,0,0,0,0,1,0,0,0,0,0,0,1,1,0,0,0,0
C072,1,0,0,0,0,0,0,1,0,0,0,0,0,0,1,0,1,0,0,0
C073,1,0,0,0,0,0,0,1,0,0,0,0,0,0,1,0,0,1,0,0
C074,1,0,0,0,0,0,0,1,0,0,0,0,0,0,1,0,0,0,1,0
C075,1,0,0,0,0,0,0,1,0,0,0,0,0,0,1,0,0,0,0,1
C076,1,0,0,0,0,0,0,0,1,0,1,0,0,0,0,1,0,0,0,0
C077,1,0,0,0,0,0,0,0,1,0,1,0,0,0,0,0,1,0,0,0
C078,1,0,0,0,0,0,0,0,1,0,1,0,0,0,0,0,0,1,0,0
C079,1,0,0,0,0,0,0,0,1,0,1,0,0,0,0,0,0,0,1,0
C080,1,0,0,0,0,0,0,0,1,0,1,0,0,0,0,0,0,0,0,1
C081,1,0,0,0,0,0,0,0,1,0,0,1,0,0,0,1,0,0,0,0
C082,1,0,0,0,0,0,0,0,1,0,0,1,0,0,0,0,1,0,0,0
C083,1,0,0,0,0,0,0,0,1,0,0,1,0,0,0,0,0,1,0,0
C084,1,0,0,0,0,0,0,0,1,0,0,1,0,0,0,0,0,0,1,0
C085,1,0,0,0,0,0,0,0,1,0,0,1,0,0,0,0,0,0,0,1
C086,1,0,0,0,0,0,0,0,1,0,0,0,1,0,0,1,0,0,0,0
C087,1,0,0,0,0,0,0,0,1,0,0,0,1,0,0,0,1,0,0,0
C088,1,0,0,0,0,0,0,0,1,0,0,0,1,0,0,0,0,1,0,0
C089,1,0,0,0,0,0,0,0,1,0,0,0,1,0,0,0,0,0,1,0
C090,1,0,0,0,0,0,0,0,1,0,0,0,1,0,0,0,0,0,0,1
C091,1,0,0,0,0,0,0,0,1,0,0,0,0,1,0,1,0,0,0,0
C092,1,0,0,0,0,0,0,0,1,0,0,0,0,1,0,0,1,0,0,0
C093,1,0,0,0,0,0,0,0,1,0,0,0,0,1,0,0,0,1,0,0
C094,1,0,0,0,0,0,0,0,1,0,0,0,0,1,0,0,0,0,1,0
C095,1,0,0,0,0,0,0,0,1,0,0,0,0,1,0,0,0,0,0,1
C096,1,0,0,0,0,0,0,0,1,0,0,0,0,0,1,1,0,0,0,0
C097,1,0,0,0,0,0,0,0,1,0,0,0,0,0,1,0,1,0,0,0
C098,1,0,0,0,0,0,0,0,1,0,0,0,0,0,1,0,0,1,0,0
C099,1,0,0,0,0,0,0,0,1,0,0,0,0,0,1,0,0,0,1,0
C100,1,0,0,0,0,0,0,0,1,0,0,0,0,0,1,0,0,0,0,1
C101,1,0,0,0,0,0,0,0,0,1,1,0,0,0,0,1,0,0,0,0
C102,1,0,0,0,0,0,0,0,0,1,1,0,0,0,0,0,1,0,0,0
C103,1,0,0,0,0,0,0,0,0,1,1,0,0,0,0,0,0,1,0,0
C104,1,0,0,0,0,0,0,0,0,1,1,0,0,0,0,0,0,0,1,0
C105,1,0,0,0,0,0,0,0,0,1,1,0,0,0,0,0,0,0,0,1
C106,1,0,0,0,0,0,0,0,0,1,0,1,0,0,0,1,0,0,0,0
C107,1,0,0,0,0,0,0,0,0,1,0,1,0,0,0,0,1,0,0,0
C108,1,0,0,0,0,0,0,0,0,1,0,1,0,0,0,0,0,1,0,0
C109,1,0,0,0,0,0,0,0,0,1,0,1,0,0,0,0,0,0,1,0
C110,1,0,0,0,0,0,0,0,0,1,0,1,0,0,0,0,0,0,0,1
C111,1,0,0,0,0,0,0,0,0,1,0,0,1,0,0,1,0,0,0,0
C112,1,0,0,0,0,0,0,0,0,1,0,0,1,0,0,0,1,0,0,0
C113,1,0,0,0,0,0,0,0,0,1,0,0,1,0,0,0,0,1,0,0
C114,1,0,0,0,0,0,0,0,0,1,0,0,1,0,0,0,0,0,1,0
C115,1,0,0,0,0,0,0,0,0,1,0,0,1,0,0,0,0,0,0,1
C116,1,0,0,0,0,0,0,0,0,1,0,0,0,1,0,1,0,0,0,0
C117,1,0,0,0,0,0,0,0,0,1,0,0,0,1,0,0,1,0,0,0
C118,1,0,0,0,0,0,0,0,0,1,0,0,0,1,0,0,0,1,0,0
C119,1,0,0,0,0,0,0,0,0,1,0,0,0,1,0,0,0,0,1,0
C120,1,0,0,0,0,0,0,0,0,1,0,0,0,1,0,0,0,0,0,1
C121,1,0,0,0,0,0,0,0,0,1,0,0,0,0,1,1,0,0,0,0
C122,1,0,0,0,0,0,0,0,0,1,0,0,0,0,1,0,1,0,0,0
C123,1,0,0,0,0,0,0,0,0,1,0,0,0,0,1,0,0,1,0,0
C124,1,0,0,0,0,0,0,0,0,1,0,0,0,0,1,0,0,0,1,0
C125,1,0,0,0,0,0,0,0,0,1,0,0,0,0,1,0,0,0,0,1
C126,0,1,0,0,0,1,0,0,0,0,1,0,0,0,0,1,0,0,0,0
C127,0,1,0,0,0,1,0,0,0,0,1,0,0,0,0,0,1,0,0,0
C128,0,1,0,0,0,1,0,0,0,0,1,0,0,0,0,0,0,1,0,0
C129,0,1,0,0,0,1,0,0,0,0,1,0,0,0,0,0,0,0,1,0
C130,0,1,0,0,0,1,0,0,0,0,1,0,0,0,0,0,0,0,0,1
C131,0,1,0,0,0,1,0,0,0,0,0,1,0,0,0,1,0,0,0,0
C132,0,1,0,0,0,1,0,0,0,0,0,1,0,0,0,0,1,0,0,0
C133,0,1,0,0,0,1,0,0,0,0,0,1,0,0,0,0,0,1,0,0
C134,0,1,0,0,0,1,0,0,0,0,0,1,0,0,0,0,0,0,1,0
C135,0,1,0,0,0,1,0,0,0,0,0,1,0,0,0,0,0,0,0,1
C136,0,1,0,0,0,1,0,0,0,0,0,0,1,0,0,1,0,0,0,0
C137,0,1,0,0,0,1,0,0,0,0,0,0,1,0,0,0,1,0,0,0
C138,0,1,0,0,0,1,0,0,0,0,0,0,1,0,0,0,0,1,0,0
C139,0,1,0,0,0,1,0,0,0,0,0,0,1,0,0,0,0,0,1,0
C140,0,1,0,0,0,1,0,0,0,0,0,0,1,0,0,0,0,0,0,1
C141,0,1,0,0,0,1,0,0,0,0,0,0,0,1,0,1,0,0,0,0
C142,0,1,0,0,0,1,0,0,0,0,0,0,0,1,0,0,1,0,0,0
C143,0,1,0,0,0,1,0,0,0,0,0,0,0,1,0,0,0,1,0,0
C144,0,1,0,0,0,1,0,0,0,0,0,0,0,1,0,0,0,0,1,0
C145,0,1,0,0,0,1,0,0,0,0,0,0,0,1,0,0,0,0,0,1
C146,0,1,0,0,0,1,0,0,0,0,0,0,0,0,1,1,0,0,0,0
C147,0,1,0,0,0,1,0,0,0,0,0,0,0,0,1,0,1,0,0,0
C148,0,1,0,0,0,1,0,0,0,0,0,0,0,0,1,0,0,1,0,0
C149,0,1,0,0,0,1,0,0,0,0,0,0,0,0,1,0,0,0,1,0
C150,0,1,0,0,0,1,0,0,0,0,0,0,0,0,1,0,0,0,0,1
C151,0,1,0,0,0,0,1,0,0,0,1,0,0,0,0,1,0,0,0,0
C152,0,1,0,0,0,0,1,0,0,0,1,0,0,0,0,0,1,0,0,0
C153,0,1,0,0,0,0,1,0,0,0,1,0,0,0,0,0,0,1,0,0
C154,0,1,0,0,0,0,1,0,0,0,1,0,0,0,0,0,0,0,1,0
C155,0,1,0,0,0,0,1,0,0,0,1,0,0,0,0,0,0,0,0,1
C156,0,1,0,0,0,0,1,0,0,0,0,1,0,0,0,1,0,0,0,0
C157,0,1,0,0,0,0,1,0,0,0,0,1,0,0,0,0,1,0,0,0
C158,0,1,0,0,0,0,1,0,0,0,0,1,0,0,0,0,0,1,0,0
C159,0,1,0,0,0,0,1,0,0,0,0,1,0,0,0,0,0,0,1,0
C160,0,1,0,0,0,0,1,0,0,0,0,1,0,0,0,0,0,0,0,1
C161,0,1,0,0,0,0,1,0,0,0,0,0,1,0,0,1,0,0,0,0
C162,0,1,0,0,0,0,1,0,0,0,0,0,1,0,0,0,1,0,0,0
C163,0,1,0,0,0,0,1,0,0,0,0,0,1,0,0,0,0,1,0,0
C164,0,1,0,0,0,0,1,0,0,0,0,0,1,0,0,0,0,0,1,0
C165,0,1,0,0,0,0,1,0,0,0,0,0,1,0,0,0,0,0,0,1
C166,0,1,0,0,0,0,1,0,0,0,0,0,0,1,0,1,0,0,0,0
C167,0,1,0,0,0,0,1,0,0,0,0,0,0,1,0,0,1,0,0,0
C168,0,1,0,0,0,0,1,0,0,0,0,0,0,1,0,0,0,1,0,0
C169,0,1,0,0,0,0,1,0,0,0,0,0,0,1,0,0,0,0,1,0
C170,0,1,0,0,0,0,1,0,0,0,0,0,0,1,0,0,0,0,0,1
C171,0,1,0,0,0,0,1,0,0,0,0,0,0,0,1,1,0,0,0,0
C172,0,1,0,0,0,0,1,0,0,0,0,0,0,0,1,0,1,0,0,0
C173,0,1,0,0,0,0,1,0,0,0,0,0,0,0,1,0,0,1,0,0
C174,0,1,0,0,0,0,1,0,0,0,0,0,0,0,1,0,0,0,1,0
C175,0,1,0,0,0,0,1,0,0,0,0,0,0,0,1,0,0,0,0,1
C176,0,1,0,0,0,0,0,1,0,0,1,0,0,0,0,1,0,0,0,0
C177,0,1,0,0,0,0,0,1,0,0,1,0,0,0,0,0,1,0,0,0
C178,0,1,0,0,0,0,0,1,0,0,1,0,0,0,0,0,0,1,0,0
C179,0,1,0,0,0,0,0,1,0,0,1,0,0,0,0,0,0,0,1,0
C180,0,1,0,0,0,0,0,1,0,0,1,0,0,0,0,0,0,0,0,1
C181,0,1,0,0,0,0,0,1,0,0,0,1,0,0,0,1,0,0,0,0
C182,0,1,0,0,0,0,0,1,0,0,0,1,0,0,0,0,1,0,0,0
C183,0,1,0,0,0,0,0,1,0,0,0,1,0,0,0,0,0,1,0,0
C184,0,1,0,0,0,0,0,1,0,0,0,1,0,0,0,0,0,0,1,0
C185,0,1,0,0,0,0,0,1,0,0,0,1,0,0,0,0,0,0,0,1
C186,0,1,0,0,0,0,0,1,0,0,0,0,1,0,0,1,0,0,0,0
C187,0,1,0,0,0,0,0,1,0,0,0,0,1,0,0,0,1,0,0,0
C188,0,1,0,0,0,0,0,1,0,0,0,0,1,0,0,0,0,1,0,0
C189,0,1,0,0,0,0,0,1,0,0,0,0,1,0,0,0,0,0,1,0
C190,0,1,0,0,0,0,0,1,0,0,0,0,1,0,0,0,0,0,0,1
C191,0,1,0,0,0,0,0,1,0,0,0,0,0,1,0,1,0,0,0,0
C192,0,1,0,0,0,0,0,1,0,0,0,0,0,1,0,0,1,0,0,0
C193,0,1,0,0,0,0,0,1,0,0,0,0,0,1,0,0,0,1,0,0
C194,0,1,0,0,0,0,0,1,0,0,0,0,0,1,0,0,0,0,1,0
C195,0,1,0,0,0,0,0,1,0,0,0,0,0,1,0,0,0,0,0,1
C196,0,1,0,0,0,0,0,1,0,0,0,0,0,0,1,1,0,0,0,0
C197,0,1,0,0,0,0,0,1,0,0,0,0,0,0,1,0,1,0,0,0
C198,0,1,0,0,0,0,0,1,0,0,0,0,0,0,1,0,0,1,0,0
C199,0,1,0,0,0,0,0,1,0,0,0,0,0,0,1,0,0,0,1,0
C200,0,1,0,0,0,0,0,1,0,0,0,0,0,0,1,0,0,0,0,1
C201,0,1,0,0,0,0,0,0,1,0,1,0,0,0,0,1,0,0,0,0
C202,0,1,0,0,0,0,0,0,1,0,1,0,0,0,0,0,1,0,0,0
C203,0,1,0,0,0,0,0,0,1,0,1,0,0,0,0,0,0,1,0,0
C204,0,1,0,0,0,0,0,0,1,0,1,0,0,0,0,0,0,0,1,0
C205,0,1,0,0,0,0,0,0,1,0,1,0,0,0,0,0,0,0,0,1
C206,0,1,0,0,0,0,0,0,1,0,0,1,0,0,0,1,0,0,0,0
C207,0,1,0,0,0,0,0,0,1,0,0,1,0,0,0,0,1,0,0,0
C208,0,1,0,0,0,0,0,0,1,0,0,1,0,0,0,0,0,1,0,0
C209,0,1,0,0,0,0,0,0,1,0,0,1,0,0,0,0,0,0,1,0
C210,0,1,0,0,0,0,0,0,1,0,0,1,0,0,0,0,0,0,0,1
C211,0,1,0,0,0,0,0,0,1,0,0,0,1,0,0,1,0,0,0,0
C212,0,1,0,0,0,0,0,0,1,0,0,0,1,0,0,0,1,0,0,0
C213,0,1,0,0,0,0,0,0,1,0,0,0,1,0,0,0,0,1,0,0
C214,0,1,0,0,0,0,0,0,1,0,0,0,1,0,0,0,0,0,1,0
C215,0,1,0,0,0,0,0,0,1,0,0,0,1,0,0,0,0,0,0,1
C216,0,1,0,0,0,0,0,0,1,0,0,0,0,1,0,1,0,0,0,0
C217,0,1,0,0,0,0,0,0,1,0,0,0,0,1,0,0,1,0,0,0
C218,0,1,0,0,0,0,0,0,1,0,0,0,0,1,0,0,0,1,0,0
C219,0,1,0,0,0,0,0,0,1,0,0,0,0,1,0,0,0,0,1,0
C220,0,1,0,0,0,0,0,0,1,0,0,0,0,1,0,0,0,0,0,1
C221,0,1,0,0,0,0,0,0,1,0,0,0,0,0,1,1,0,0,0,0
C222,0,1,0,0,0,0,0,0,1,0,0,0,0,0,1,0,1,0,0,0
C223,0,1,0,0,0,0,0,0,1,0,0,0,0,0,1,0,0,1,0,0
C224,0,1,0,0,0,0,0,0,1,0,0,0,0,0,1,0,0,0,1,0
C225,0,1,0,0,0,0,0,0,1,0,0,0,0,0,1,0,0,0,0,1
C226,0,1,0,0,0,0,0,0,0,1,1,0,0,0,0,1,0,0,0,0
C227,0,1,0,0,0,0,0,0,0,1,1,0,0,0,0,0,1,0,0,0
C228,0,1,0,0,0,0,0,0,0,1,1,0,0,0,0,0,0,1,0,0
C229,0,1,0,0,0,0,0,0,0,1,1,0,0,0,0,0,0,0,1,0
C230,0,1,0,0,0,0,0,0,0,1,1,0,0,0,0,0,0,0,0,1
C231,0,1,0,0,0,0,0,0,0,1,0,1,0,0,0,1,0,0,0,0
C232,0,1,0,0,0,0,0,0,0,1,0,1,0,0,0,0,1,0,0,0
C233,0,1,0,0,0,0,0,0,0,1,0,1,0,0,0,0,0,1,0,0
C234,0,1,0,0,0,0,0,0,0,1,0,1,0,0,0,0,0,0,1,0
C235,0,1,0,0,0,0,0,0,0,1,0,1,0,0,0,0,0,0,0,1
C236,0,1,0,0,0,0,0,0,0,1,0,0,1,0,0,1,0,0,0,0
C237,0,1,0,0,0,0,0,0,0,1,0,0,1,0,0,0,1,0,0,0
C238,0,1,0,0,0,0,0,0,0,1,0,0,1,0,0,0,0,1,0,0
C239,0,1,0,0,0,0,0,0,0,1,0,0,1,0,0,0,0,0,1,0
C240,0,1,0,0,0,0,0,0,0,1,0,0,1,0,0,0,0,0,0,1
C241,0,1,0,0,0,0,0,0,0,1,0,0,0,1,0,1,0,0,0,0
C242,0,1,0,0,0,0,0,0,0,1,0,0,0,1,0,0,1,0,0,0
C243,0,1,0,0,0,0,0,0,0,1,0,0,0,1,0,0,0,1,0,0
C244,0,1,0,0,0,0,0,0,0,1,0,0,0,1,0,0,0,0,1,0
C245,0,1,0,0,0,0,0,0,0,1,0,0,0,1,0,0,0,0,0,1
C246,0,1,0,0,0,0,0,0,0,1,0,0,0,0,1,1,0,0,0,0
C247,0,1,0,0,0,0,0,0,0,1,0,0,0,0,1,0,1,0,0,0
C248,0,1,0,0,0,0,0,0,0,1,0,0,0,0,1,0,0,1,0,0
C249,0,1,0,0,0,0,0,0,0,1,0,0,0,0,1,0,0,0,1,0
C250,0,1,0,0,0,0,0,0,0,1,0,0,0,0,1,0,0,0,0,1
C251,0,0,1,0,0,1,0,0,0,0,1,0,0,0,0,1,0,0,0,0
C252,0,0,1,0,0,1,0,0,0,0,1,0,0,0,0,0,1,0,0,0
C253,0,0,1,0,0,1,0,0,0,0,1,0,0,0,0,0,0,1,0,0
C254,0,0,1,0,0,1,0,0,0,0,1,0,0,0,0,0,0,0,1,0
C255,0,0,1,0,0,1,0,0,0,0,1,0,0,0,0,0,0,0,0,1
C256,0,0,1,0,0,1,0,0,0,0,0,1,0,0,0,1,0,0,0,0
C257,0,0,1,0,0,1,0,0,0,0,0,1,0,0,0,0,1,0,0,0
C258,0,0,1,0,0,1,0,0,0,0,0,1,0,0,0,0,0,1,0,0
C259,0,0,1,0,0,1,0,0,0,0,0,1,0,0,0,0,0,0,1,0
C260,0,0,1,0,0,1,0,0,0,0,0,1,0,0,0,0,0,0,0,1
C261,0,0,1,0,0,1,0,0,0,0,0,0,1,0,0,1,0,0,0,0
C262,0,0,1,0,0,1,0,0,0,0,0,0,1,0,0,0,1,0,0,0
C263,0,0,1,0,0,1,0,0,0,0,0,0,1,0,0,0,0,1,0,0
C264,0,0,1,0,0,1,0,0,0,0,0,0,1,0,0,0,0,0,1,0
C265,0,0,1,0,0,1,0,0,0,0,0,0,1,0,0,0,0,0,0,1
C266,0,0,1,0,0,1,0,0,0,0,0,0,0,1,0,1,0,0,0,0
C267,0,0,1,0,0,1,0,0,0,0,0,0,0,1,0,0,1,0,0,0
C268,0,0,1,0,0,1,0,0,0,0,0,0,0,1,0,0,0,1,0,0
C269,0,0,1,0,0,1,0,0,0,0,0,0,0,1,0,0,0,0,1,0
C270,0,0,1,0,0,1,0,0,0,0,0,0,0,1,0,0,0,0,0,1
C271,0,0,1,0,0,1,0,0,0,0,0,0,0,0,1,1,0,0,0,0
C272,0,0,1,0,0,1,0,0,0,0,0,0,0,0,1,0,1,0,0,0
C273,0,0,1,0,0,1,0,0,0,0,0,0,0,0,1,0,0,1,0,0
C274,0,0,1,0,0,1,0,0,0,0,0,0,0,0,1,0,0,0,1,0
C275,0,0,1,0,0,1,0,0,0,0,0,0,0,0,1,0,0,0,0,1
C276,0,0,1,0,0,0,1,0,0,0,1,0,0,0,0,1,0,0,0,0
C277,0,0,1,0,0,0,1,0,0,0,1,0,0,0,0,0,1,0,0,0
C278,0,0,1,0,0,0,1,0,0,0,1,0,0,0,0,0,0,1,0,0
C279,0,0,1,0,0,0,1,0,0,0,1,0,0,0,0,0,0,0,1,0
C280,0,0,1,0,0,0,1,0,0,0,1,0,0,0,0,0,0,0,0,1
C281,0,0,1,0,0,0,1,0,0,0,0,1,0,0,0,1,0,0,0,0
C282,0,0,1,0,0,0,1,0,0,0,0,1,0,0,0,0,1,0,0,0
C283,0,0,1,0,0,0,1,0,0,0,0,1,0,0,0,0,0,1,0,0
C284,0,0,1,0,0,0,1,0,0,0,0,1,0,0,0,0,0,0,1,0
C285,0,0,1,0,0,0,1,0,0,0,0,1,0,0,0,0,0,0,0,1
C286,0,0,1,0,0,0,1,0,0,0,0,0,1,0,0,1,0,0,0,0
C287,0,0,1,0,0,0,1,0,0,0,0,0,1,0,0,0,1,0,0,0
C288,0,0,1,0,0,0,1,0,0,0,0,0,1,0,0,0,0,1,0,0
C289,0,0,1,0,0,0,1,0,0,0,0,0,1,0,0,0,0,0,1,0
C290,0,0,1,0,0,0,1,0,0,0,0,0,1,0,0,0,0,0,0,1
C291,0,0,1,0,0,0,1,0,0,0,0,0,0,1,0,1,0,0,0,0
C292,0,0,1,0,0,0,1,0,0,0,0,0,0,1,0,0,1,0,0,0
C293,0,0,1,0,0,0,1,0,0,0,0,0,0,1,0,0,0,1,0,0
C294,0,0,1,0,0,0,1,0,0,0,0,0,0,1,0,0,0,0,1,0
C295,0,0,1,0,0,0,1,0,0,0,0,0,0,1,0,0,0,0,0,1
C296,0,0,1,0,0,0,1,0,0,0,0,0,0,0,1,1,0,0,0,0
C297,0,0,1,0,0,0,1,0,0,0,0,0,0,0,1,0,1,0,0,0
C298,0,0,1,0,0,0,1,0,0,0,0,0,0,0,1,0,0,1,0,0
C299,0,0,1,0,0,0,1,0,0,0,0,0,0,0,1,0,0,0,1,0
C300,0,0,1,0,0,0,1,0,0,0,0,0,0,0,1,0,0,0,0,1
C301,0,0,1,0,0,0,0,1,0,0,1,0,0,0,0,1,0,0,0,0
C302,0,0,1,0,0,0,0,1,0,0,1,0,0,0,0,0,1,0,0,0
C303,0,0,1,0,0,0,0,1,0,0,1,0,0,0,0,0,0,1,0,0
C304,0,0,1,0,0,0,0,1,0,0,1,0,0,0,0,0,0,0,1,0
C305,0,0,1,0,0,0,0,1,0,0,1,0,0,0,0,0,0,0,0,1
C306,0,0,1,0,0,0,0,1,0,0,0,1,0,0,0,1,0,0,0,0
C307,0,0,1,0,0,0,0,1,0,0,0,1,0,0,0,0,1,0,0,0
C308,0,0,1,0,0,0,0,1,0,0,0,1,0,0,0,0,0,1,0,0
C309,0,0,1,0,0,0,0,1,0,0,0,1,0,0,0,0,0,0,1,0
C310,0,0,1,0,0,0,0,1,0,0,0,1,0,0,0,0,0,0,0,1
C311,0,0,1,0,0,0,0,1,0,0,0,0,1,0,0,1,0,0,0,0
C312,0,0,1,0,0,0,0,1,0,0,0,0,1,0,0,0,1,0,0,0
C313,0,0,1,0,0,0,0,1,0,0,0,0,1,0,0,0,0,1,0,0
C314,0,0,1,0,0,0,0,1,0,0,0,0,1,0,0,0,0,0,1,0
C315,0,0,1,0,0,0,0,1,0,0,0,0,1,0,0,0,0,0,0,1
C316,0,0,1,0,0,0,0,1,0,0,0,0,0,1,0,1,0,0,0,0
C317,0,0,1,0,0,0,0,1,0,0,0,0,0,1,0,0,1,0,0,0
C318,0,0,1,0,0,0,0,1,0,0,0,0,0,1,0,0,0,1,0,0
C319,0,0,1,0,0,0,0,1,0,0,0,0,0,1,0,0,0,0,1,0
C320,0,0,1,0,0,0,0,1,0,0,0,0,0,1,0,0,0,0,0,1
C321,0,0,1,0,0,0,0,1,0,0,0,0,0,0,1,1,0,0,0,0
C322,0,0,1,0,0,0,0,1,0,0,0,0,0,0,1,0,1,0,0,0
C323,0,0,1,0,0,0,0,1,0,0,0,0,0,0,1,0,0,1,0,0
C324,0,0,1,0,0,0,0,1,0,0,0,0,0,0,1,0,0,0,1,0
C325,0,0,1,0,0,0,0,1,0,0,0,0,0,0,1,0,0,0,0,1
C326,0,0,1,0,0,0,0,0,1,0,1,0,0,0,0,1,0,0,0,0
C327,0,0,1,0,0,0,0,0,1,0,1,0,0,0,0,0,1,0,0,0
C328,0,0,1,0,0,0,0,0,1,0,1,0,0,0,0,0,0,1,0,0
C329,0,0,1,0,0,0,0,0,1,0,1,0,0,0,0,0,0,0,1,0
C330,0,0,1,0,0,0,0,0,1,0,1,0,0,0,0,0,0,0,0,1
C331,0,0,1,0,0,0,0,0,1,0,0,1,0,0,0,1,0,0,0,0
C332,0,0,1,0,0,0,0,0,1,0,0,1,0,0,0,0,1,0,0,0
C333,0,0,1,0,0,0,0,0,1,0,0,1,0,0,0,0,0,1,0,0
C334,0,0,1,0,0,0,0,0,1,0,0,1,0,0,0,0,0,0,1,0
C335,0,0,1,0,0,0,0,0,1,0,0,1,0,0,0,0,0,0,0,1
C336,0,0,1,0,0,0,0,0,1,0,0,0,1,0,0,1,0,0,0,0
C337,0,0,1,0,0,0,0,0,1,0,0,0,1,0,0,0,1,0,0,0
C338,0,0,1,0,0,0,0,0,1,0,0,0,1,0,0,0,0,1,0,0
C339,0,0,1,0,0,0,0,0,1,0,0,0,1,0,0,0,0,0,1,0
C340,0,0,1,0,0,0,0,0,1,0,0,0,1,0,0,0,0,0,0,1
C341,0,0,1,0,0,0,0,0,1,0,0,0,0,1,0,1,0,0,0,0
C342,0,0,1,0,0,0,0,0,1,0,0,0,0,1,0,0,1,0,0,0
C343,0,0,1,0,0,0,0,0,1,0,0,0,0,1,0,0,0,1,0,0
C344,0,0,1,0,0,0,0,0,1,0,0,0,0,1,0,0,0,0,1,0
C345,0,0,1,0,0,0,0,0,1,0,0,0,0,1,0,0,0,0,0,1
C346,0,0,1,0,0,0,0,0,1,0,0,0,0,0,1,1,0,0,0,0
C347,0,0,1,0,0,0,0,0,1,0,0,0,0,0,1,0,1,0,0,0
C348,0,0,1,0,0,0,0,0,1,0,0,0,0,0,1,0,0,1,0,0
C349,0,0,1,0,0,0,0,0,1,0,0,0,0,0,1,0,0,0,1,0
C350,0,0,1,0,0,0,0,0,1,0,0,0,0,0,1,0,0,0,0,1
C351,0,0,1,0,0,0,0,0,0,1,1,0,0,0,0,1,0,0,0,0
C352,0,0,1,0,0,0,0,0,0,1,1,0,0,0,0,0,1,0,0,0
C353,0,0,1,0,0,0,0,0,0,1,1,0,0,0,0,0,0,1,0,0
C354,0,0,1,0,0,0,0,0,0,1,1,0,0,0,0,0,0,0,1,0
C355,0,0,1,0,0,0,0,0,0,1,1,0,0,0,0,0,0,0,0,1
C356,0,0,1,0,0,0,0,0,0,1,0,1,0,0,0,1,0,0,0,0
C357,0,0,1,0,0,0,0,0,0,1,0,1,0,0,0,0,1,0,0,0
C358,0,0,1,0,0,0,0,0,0,1,0,1,0,0,0,0,0,1,0,0
C359,0,0,1,0,0,0,0,0,0,1,0,1,0,0,0,0,0,0,1,0
C360,0,0,1,0,0,0,0,0,0,1,0,1,0,0,0,0,0,0,0,1
C361,0,0,1,0,0,0,0,0,0,1,0,0,1,0,0,1,0,0,0,0
C362,0,0,1,0,0,0,0,0,0,1,0,0,1,0,0,0,1,0,0,0
C363,0,0,1,0,0,0,0,0,0,1,0,0,1,0,0,0,0,1,0,0
C364,0,0,1,0,0,0,0,0,0,1,0,0,1,0,0,0,0,0,1,0
C365,0,0,1,0,0,0,0,0,0,1,0,0,1,0,0,0,0,0,0,1
C366,0,0,1,0,0,0,0,0,0,1,0,0,0,1,0,1,0,0,0,0
C367,0,0,1,0,0,0,0,0,0,1,0,0,0,1,0,0,1,0,0,0
C368,0,0,1,0,0,0,0,0,0,1,0,0,0,1,0,0,0,1,0,0
C369,0,0,1,0,0,0,0,0,0,1,0,0,0,1,0,0,0,0,1,0
C370,0,0,1,0,0,0,0,0,0,1,0,0,0,1,0,0,0,0,0,1
C371,0,0,1,0,0,0,0,0,0,1,0,0,0,0,1,1,0,0,0,0
C372,0,0,1,0,0,0,0,0,0,1,0,0,0,0,1,0,1,0,0,0
C373,0,0,1,0,0,0,0,0,0,1,0,0,0,0,1,0,0,1,0,0
C374,0,0,1,0,0,0,0,0,0,1,0,0,0,0,1,0,0,0,1,0
C375,0,0,1,0,0,0,0,0,0,1,0,0,0,0,1,0,0,0,0,1
C376,0,0,0,1,0,1,0,0,0,0,1,0,0,0,0,1,0,0,0,0
C377,0,0,0,1,0,1,0,0,0,0,1,0,0,0,0,0,1,0,0,0
C378,0,0,0,1,0,1,0,0,0,0,1,0,0,0,0,0,0,1,0,0
C379,0,0,0,1,0,1,0,0,0,0,1,0,0,0,0,0,0,0,1,0
C380,0,0,0,1,0,1,0,0,0,0,1,0,0,0,0,0,0,0,0,1
C381,0,0,0,1,0,1,0,0,0,0,0,1,0,0,0,1,0,0,0,0
C382,0,0,0,1,0,1,0,0,0,0,0,1,0,0,0,0,1,0,0,0
C383,0,0,0,1,0,1,0,0,0,0,0,1,0,0,0,0,0,1,0,0
C384,0,0,0,1,0,1,0,0,0,0,0,1,0,0,0,0,0,0,1,0
C385,0,0,0,1,0,1,0,0,0,0,0,1,0,0,0,0,0,0,0,1
C386,0,0,0,1,0,1,0,0,0,0,0,0,1,0,0,1,0,0,0,0
C387,0,0,0,1,0,1,0,0,0,0,0,0,1,0,0,0,1,0,0,0
C388,0,0,0,1,0,1,0,0,0,0,0,0,1,0,0,0,0,1,0,0
C389,0,0,0,1,0,1,0,0,0,0,0,0,1,0,0,0,0,0,1,0
C390,0,0,0,1,0,1,0,0,0,0,0,0,1,0,0,0,0,0,0,1
C391,0,0,0,1,0,1,0,0,0,0,0,0,0,1,0,1,0,0,0,0
C392,0,0,0,1,0,1,0,0,0,0,0,0,0,1,0,0,1,0,0,0
C393,0,0,0,1,0,1,0,0,0,0,0,0,0,1,0,0,0,1,0,0
C394,0,0,0,1,0,1,0,0,0,0,0,0,0,1,0,0,0,0,1,0
C395,0,0,0,1,0,1,0,0,0,0,0,0,0,1,0,0,0,0,0,1
C396,0,0,0,1,0,1,0,0,0,0,0,0,0,0,1,1,0,0,0,0
C397,0,0,0,1,0,1,0,0,0,0,0,0,0,0,1,0,1,0,0,0
C398,0,0,0,1,0,1,0,0,0,0,0,0,0,0,1,0,0,1,0,0
C399,0,0,0,1,0,1,0,0,0,0,0,0,0,0,1,0,0,0,1,0
C400,0,0,0,1,0,1,0,0,0,0,0,0,0,0,1,0,0,0,0,1
C401,0,0,0,1,0,0,1,0,0,0,1,0,0,0,0,1,0,0,0,0
C402,0,0,0,1,0,0,1,0,0,0,1,0,0,0,0,0,1,0,0,0
C403,0,0,0,1,0,0,1,0,0,0,1,0,0,0,0,0,0,1,0,0
C404,0,0,0,1,0,0,1,0,0,0,1,0,0,0,0,0,0,0,1,0
C405,0,0,0,1,0,0,1,0,0,0,1,0,0,0,0,0,0,0,0,1
C406,0,0,0,1,0,0,1,0,0,0,0,1,0,0,0,1,0,0,0,0
C407,0,0,0,1,0,0,1,0,0,0,0,1,0,0,0,0,1,0,0,0
C408,0,0,0,1,0,0,1,0,0,0,0,1,0,0,0,0,0,1,0,0
C409,0,0,0,1,0,0,1,0,0,0,0,1,0,0,0,0,0,0,1,0
C410,0,0,0,1,0,0,1,0,0,0,0,1,0,0,0,0,0,0,0,1
C411,0,0,0,1,0,0,1,0,0,0,0,0,1,0,0,1,0,0,0,0
C412,0,0,0,1,0,0,1,0,0,0,0,0,1,0,0,0,1,0,0,0
C413,0,0,0,1,0,0,1,0,0,0,0,0,1,0,0,0,0,1,0,0
C414,0,0,0,1,0,0,1,0,0,0,0,0,1,0,0,0,0,0,1,0
C415,0,0,0,1,0,0,1,0,0,0,0,0,1,0,0,0,0,0,0,1
C416,0,0,0,1,0,0,1,0,0,0,0,0,0,1,0,1,0,0,0,0
C417,0,0,0,1,0,0,1,0,0,0,0,0,0,1,0,0,1,0,0,0
C418,0,0,0,1,0,0,1,0,0,0,0,0,0,1,0,0,0,1,0,0
C419,0,0,0,1,0,0,1,0,0,0,0,0,0,1,0,0,0,0,1,0
C420,0,0,0,1,0,0,1,0,0,0,0,0,0,1,0,0,0,0,0,1
C421,0,0,0,1,0,0,1,0,0,0,0,0,0,0,1,1,0,0,0,0
C422,0,0,0,1,0,0,1,0,0,0,0,0,0,0,1,0,1,0,0,0
C423,0,0,0,1,0,0,1,0,0,0,0,0,0,0,1,0,0,1,0,0
C424,0,0,0,1,0,0,1,0,0,0,0,0,0,0,1,0,0,0,1,0
C425,0,0,0,1,0,0,1,0,0,0,0,0,0,0,1,0,0,0,0,1
C426,0,0,0,1,0,0,0,1,0,0,1,0,0,0,0,1,0,0,0,0
C427,0,0,0,1,0,0,0,1,0,0,1,0,0,0,0,0,1,0,0,0
C428,0,0,0,1,0,0,0,1,0,0,1,0,0,0,0,0,0,1,0,0
C429,0,0,0,1,0,0,0,1,0,0,1,0,0,0,0,0,0,0,1,0
C430,0,0,0,1,0,0,0,1,0,0,1,0,0,0,0,0,0,0,0,1
C431,0,0,0,1,0,0,0,1,0,0,0,1,0,0,0,1,0,0,0,0
C432,0,0,0,1,0,0,0,1,0,0,0,1,0,0,0,0,1,0,0,0
C433,0,0,0,1,0,0,0,1,0,0,0,1,0,0,0,0,0,1,0,0
C434,0,0,0,1,0,0,0,1,0,0,0,1,0,0,0,0,0,0,1,0
C435,0,0,0,1,0,0,0,1,0,0,0,1,0,0,0,0,0,0,0,1
C436,0,0,0,1,0,0,0,1,0,0,0,0,1,0,0,1,0,0,0,0
C437,0,0,0,1,0,0,0,1,0,0,0,0,1,0,0,0,1,0,0,0
C438,0,0,0,1,0,0,0,1,0,0,0,0,1,0,0,0,0,1,0,0
C439,0,0,0,1,0,0,0,1,0,0,0,0,1,0,0,0,0,0,1,0
C440,0,0,0,1,0,0,0,1,0,0,0,0,1,0,0,0,0,0,0,1
C441,0,0,0,1,0,0,0,1,0,0,0,0,0,1,0,1,0,0,0,0
C442,0,0,0,1,0,0,0,1,0,0,0,0,0,1,0,0,1,0,0,0
C443,0,0,0,1,0,0,0,1,0,0,0,0,0,1,0,0,0,1,0,0
C444,0,0,0,1,0,0,0,1,0,0,0,0,0,1,0,0,0,0,1,0
C445,0,0,0,1,0,0,0,1,0,0,0,0,0,1,0,0,0,0,0,1
C446,0,0,0,1,0,0,0,1,0,0,0,0,0,0,1,1,0,0,0,0
C447,0,0,0,1,0,0,0,1,0,0,0,0,0,0,1,0,1,0,0,0
C448,0,0,0,1,0,0,0,1,0,0,0,0,0,0,1,0,0,1,0,0
C449,0,0,0,1,0,0,0,1,0,0,0,0,0,0,1,0,0,0,1,0
C450,0,0,0,1,0,0,0,1,0,0,0,0,0,0,1,0,0,0,0,1
C451,0,0,0,1,0,0,0,0,1,0,1,0,0,0,0,1,0,0,0,0
C452,0,0,0,1,0,0,0,0,1,0,1,0,0,0,0,0,1,0,0,0
C453,0,0,0,1,0,0,0,0,1,0,1,0,0,0,0,0,0,1,0,0
C454,0,0,0,1,0,0,0,0,1,0,1,0,0,0,0,0,0,0,1,0
C455,0,0,0,1,0,0,0,0,1,0,1,0,0,0,0,0,0,0,0,1
C456,0,0,0,1,0,0,0,0,1,0,0,1,0,0,0,1,0,0,0,0
C457,0,0,0,1,0,0,0,0,1,0,0,1,0,0,0,0,1,0,0,0
C458,0,0,0,1,0,0,0,0,1,0,0,1,0,0,0,0,0,1,0,0
C459,0,0,0,1,0,0,0,0,1,0,0,1,0,0,0,0,0,0,1,0
C460,0,0,0,1,0,0,0,0,1,0,0,1,0,0,0,0,0,0,0,1
C461,0,0,0,1,0,0,0,0,1,0,0,0,1,0,0,1,0,0,0,0
C462,0,0,0,1,0,0,0,0,1,0,0,0,1,0,0,0,1,0,0,0
C463,0,0,0,1,0,0,0,0,1,0,0,0,1,0,0,0,0,1,0,0
C464,0,0,0,1,0,0,0,0,1,0,0,0,1,0,0,0,0,0,1,0
C465,0,0,0,1,0,0,0,0,1,0,0,0,1,0,0,0,0,0,0,1
C466,0,0,0,1,0,0,0,0,1,0,0,0,0,1,0,1,0,0,0,0
C467,0,0,0,1,0,0,0,0,1,0,0,0,0,1,0,0,1,0,0,0
C468,0,0,0,1,0,0,0,0,1,0,0,0,0,1,0,0,0,1,0,0
C469,0,0,0,1,0,0,0,0,1,0,0,0,0,1,0,0,0,0,1,0
C470,0,0,0,1,0,0,0,0,1,0,0,0,0,1,0,0,0,0,0,1
C471,0,0,0,1,0,0,0,0,1,0,0,0,0,0,1,1,0,0,0,0
C472,0,0,0,1,0,0,0,0,1,0,0,0,0,0,1,0,1,0,0,0
C473,0,0,0,1,0,0,0,0,1,0,0,0,0,0,1,0,0,1,0,0
C474,0,0,0,1,0,0,0,0,1,0,0,0,0,0,1,0,0,0,1,0
C475,0,0,0,1,0,0,0,0,1,0,0,0,0,0,1,0,0,0,0,1
C476,0,0,0,1,0,0,0,0,0,1,1,0,0,0,0,1,0,0,0,0
C477,0,0,0,1,0,0,0,0,0,1,1,0,0,0,0,0,1,0,0,0
C478,0,0,0,1,0,0,0,0,0,1,1,0,0,0,0,0,0,1,0,0
C479,0,0,0,1,0,0,0,0,0,1,1,0,0,0,0,0,0,0,1,0
C480,0,0,0,1,0,0,0,0,0,1,1,0,0,0,0,0,0,0,0,1
C481,0,0,0,1,0,0,0,0,0,1,0,1,0,0,0,1,0,0,0,0
C482,0,0,0,1,0,0,0,0,0,1,0,1,0,0,0,0,1,0,0,0
C483,0,0,0,1,0,0,0,0,0,1,0,1,0,0,0,0,0,1,0,0
C484,0,0,0,1,0,0,0,0,0,1,0,1,0,0,0,0,0,0,1,0
C485,0,0,0,1,0,0,0,0,0,1,0,1,0,0,0,0,0,0,0,1
C486,0,0,0,1,0,0,0,0,0,1,0,0,1,0,0,1,0,0,0,0
C487,0,0,0,1,0,0,0,0,0,1,0,0,1,0,0,0,1,0,0,0
C488,0,0,0,1,0,0,0,0,0,1,0,0,1,0,0,0,0,1,0,0
C489,0,0,0,1,0,0,0,0,0,1,0,0,1,0,0,0,0,0,1,0
C490,0,0,0,1,0,0,0,0,0,1,0,0,1,0,0,0,0,0,0,1
C491,0,0,0,1,0,0,0,0,0,1,0,0,0,1,0,1,0,0,0,0
C492,0,0,0,1,0,0,0,0,0,1,0,0,0,1,0,0,1,0,0,0
C493,0,0,0,1,0,0,0,0,0,1,0,0,0,1,0,0,0,1,0,0
C494,0,0,0,1,0,0,0,0,0,1,0,0,0,1,0,0,0,0,1,0
C495,0,0,0,1,0,0,0,0,0,1,0,0,0,1,0,0,0,0,0,1
C496,0,0,0,1,0,0,0,0,0,1,0,0,0,0,1,1,0,0,0,0
C497,0,0,0,1,0,0,0,0,0,1,0,0,0,0,1,0,1,0,0,0
C498,0,0,0,1,0,0,0,0,0,1,0,0,0,0,1,0,0,1,0,0
C499,0,0,0,1,0,0,0,0,0,1,0,0,0,0,1,0,0,0,1,0
C500,0,0,0,1,0,0,0,0,0,1,0,0,0,0,1,0,0,0,0,1
C501,0,0,0,0,1,1,0,0,0,0,1,0,0,0,0,1,0,0,0,0
C502,0,0,0,0,1,1,0,0,0,0,1,0,0,0,0,0,1,0,0,0
C503,0,0,0,0,1,1,0,0,0,0,1,0,0,0,0,0,0,1,0,0
C504,0,0,0,0,1,1,0,0,0,0,1,0,0,0,0,0,0,0,1,0
C505,0,0,0,0,1,1,0,0,0,0,1,0,0,0,0,0,0,0,0,1
C506,0,0,0,0,1,1,0,0,0,0,0,1,0,0,0,1,0,0,0,0
C507,0,0,0,0,1,1,0,0,0,0,0,1,0,0,0,0,1,0,0,0
C508,0,0,0,0,1,1,0,0,0,0,0,1,0,0,0,0,0,1,0,0
C509,0,0,0,0,1,1,0,0,0,0,0,1,0,0,0,0,0,0,1,0
C510,0,0,0,0,1,1,0,0,0,0,0,1,0,0,0,0,0,0,0,1
C511,0,0,0,0,1,1,0,0,0,0,0,0,1,0,0,1,0,0,0,0
C512,0,0,0,0,1,1,0,0,0,0,0,0,1,0,0,0,1,0,0,0
C513,0,0,0,0,1,1,0,0,0,0,0,0,1,0,0,0,0,1,0,0
C514,0,0,0,0,1,1,0,0,0,0,0,0,1,0,0,0,0,0,1,0
C515,0,0,0,0,1,1,0,0,0,0,0,0,1,0,0,0,0,0,0,1
C516,0,0,0,0,1,1,0,0,0,0,0,0,0,1,0,1,0,0,0,0
C517,0,0,0,0,1,1,0,0,0,0,0,0,0,1,0,0,1,0,0,0
C518,0,0,0,0,1,1,0,0,0,0,0,0,0,1,0,0,0,1,0,0
C519,0,0,0,0,1,1,0,0,0,0,0,0,0,1,0,0,0,0,1,0
C520,0,0,0,0,1,1,0,0,0,0,0,0,0,1,0,0,0,0,0,1
C521,0,0,0,0,1,1,0,0,0,0,0,0,0,0,1,1,0,0,0,0
C522,0,0,0,0,1,1,0,0,0,0,0,0,0,0,1,0,1,0,0,0
C523,0,0,0,0,1,1,0,0,0,0,0,0,0,0,1,0,0,1,0,0
C524,0,0,0,0,1,1,0,0,0,0,0,0,0,0,1,0,0,0,1,0
C525,0,0,0,0,1,1,0,0,0,0,0,0,0,0,1,0,0,0,0,1
C526,0,0,0,0,1,0,1,0,0,0,1,0,0,0,0,1,0,0,0,0
C527,0,0,0,0,1,0,1,0,0,0,1,0,0,0,0,0,1,0,0,0
C528,0,0,0,0,1,0,1,0,0,0,1,0,0,0,0,0,0,1,0,0
C529,0,0,0,0,1,0,1,0,0,0,1,0,0,0,0,0,0,0,1,0
C530,0,0,0,0,1,0,1,0,0,0,1,0,0,0,0,0,0,0,0,1
C531,0,0,0,0,1,0,1,0,0,0,0,1,0,0,0,1,0,0,0,0
C532,0,0,0,0,1,0,1,0,0,0,0,1,0,0,0,0,1,0,0,0
C533,0,0,0,0,1,0,1,0,0,0,0,1,0,0,0,0,0,1,0,0
C534,0,0,0,0,1,0,1,0,0,0,0,1,0,0,0,0,0,0,1,0
C535,0,0,0,0,1,0,1,0,0,0,0,1,0,0,0,0,0,0,0,1
C536,0,0,0,0,1,0,1,0,0,0,0,0,1,0,0,1,0,0,0,0
C537,0,0,0,0,1,0,1,0,0,0,0,0,1,0,0,0,1,0,0,0
C538,0,0,0,0,1,0,1,0,0,0,0,0,1,0,0,0,0,1,0,0
C539,0,0,0,0,1,0,1,0,0,0,0,0,1,0,0,0,0,0,1,0
C540,0,0,0,0,1,0,1,0,0,0,0,0,1,0,0,0,0,0,0,1
C541,0,0,0,0,1,0,1,0,0,0,0,0,0,1,0,1,0,0,0,0
C542,0,0,0,0,1,0,1,0,0,0,0,0,0,1,0,0,1,0,0,0
C543,0,0,0,0,1,0,1,0,0,0,0,0,0,1,0,0,0,1,0,0
C544,0,0,0,0,1,0,1,0,0,0,0,0,0,1,0,0,0,0,1,0
C545,0,0,0,0,1,0,1,0,0,0,0,0,0,1,0,0,0,0,0,1
C546,0,0,0,0,1,0,1,0,0,0,0,0,0,0,1,1,0,0,0,0
C547,0,0,0,0,1,0,1,0,0,0,0,0,0,0,1,0,1,0,0,0
C548,0,0,0,0,1,0,1,0,0,0,0,0,0,0,1,0,0,1,0,0
C549,0,0,0,0,1,0,1,0,0,0,0,0,0,0,1,0,0,0,1,0
C550,0,0,0,0,1,0,1,0,0,0,0,0,0,0,1,0,0,0,0,1
C551,0,0,0,0,1,0,0,1,0,0,1,0,0,0,0,1,0,0,0,0
C552,0,0,0,0,1,0,0,1,0,0,1,0,0,0,0,0,1,0,0,0
C553,0,0,0,0,1,0,0,1,0,0,1,0,0,0,0,0,0,1,0,0
C554,0,0,0,0,1,0,0,1,0,0,1,0,0,0,0,0,0,0,1,0
C555,0,0,0,0,1,0,0,1,0,0,1,0,0,0,0,0,0,0,0,1
C556,0,0,0,0,1,0,0,1,0,0,0,1,0,0,0,1,0,0,0,0
C557,0,0,0,0,1,0,0,1,0,0,0,1,0,0,0,0,1,0,0,0
C558,0,0,0,0,1,0,0,1,0,0,0,1,0,0,0,0,0,1,0,0
C559,0,0,0,0,1,0,0,1,0,0,0,1,0,0,0,0,0,0,1,0
C560,0,0,0,0,1,0,0,1,0,0,0,1,0,0,0,0,0,0,0,1
C561,0,0,0,0,1,0,0,1,0,0,0,0,1,0,0,1,0,0,0,0
C562,0,0,0,0,1,0,0,1,0,0,0,0,1,0,0,0,1,0,0,0
C563,0,0,0,0,1,0,0,1,0,0,0,0,1,0,0,0,0,1,0,0
C564,0,0,0,0,1,0,0,1,0,0,0,0,1,0,0,0,0,0,1,0
C565,0,0,0,0,1,0,0,1,0,0,0,0,1,0,0,0,0,0,0,1
C566,0,0,0,0,1,0,0,1,0,0,0,0,0,1,0,1,0,0,0,0
C567,0,0,0,0,1,0,0,1,0,0,0,0,0,1,0,0,1,0,0,0
C568,0,0,0,0,1,0,0,1,0,0,0,0,0,1,0,0,0,1,0,0
C569,0,0,0,0,1,0,0,1,0,0,0,0,0,1,0,0,0,0,1,0
C570,0,0,0,0,1,0,0,1,0,0,0,0,0,1,0,0,0,0,0,1
C571,0,0,0,0,1,0,0,1,0,0,0,0,0,0,1,1,0,0,0,0
C572,0,0,0,0,1,0,0,1,0,0,0,0,0,0,1,0,1,0,0,0
C573,0,0,0,0,1,0,0,1,0,0,0,0,0,0,1,0,0,1,0,0
C574,0,0,0,0,1,0,0,1,0,0,0,0,0,0,1,0,0,0,1,0
C575,0,0,0,0,1,0,0,1,0,0,0,0,0,0,1,0,0,0,0,1
C576,0,0,0,0,1,0,0,0,1,0,1,0,0,0,0,1,0,0,0,0
C577,0,0,0,0,1,0,0,0,1,0,1,0,0,0,0,0,1,0,0,0
C578,0,0,0,0,1,0,0,0,1,0,1,0,0,0,0,0,0,1,0,0
C579,0,0,0,0,1,0,0,0,1,0,1,0,0,0,0,0,0,0,1,0
C580,0,0,0,0,1,0,0,0,1,0,1,0,0,0,0,0,0,0,0,1
C581,0,0,0,0,1,0,0,0,1,0,0,1,0,0,0,1,0,0,0,0
C582,0,0,0,0,1,0,0,0,1,0,0,1,0,0,0,0,1,0,0,0
C583,0,0,0,0,1,0,0,0,1,0,0,1,0,0,0,0,0,1,0,0
C584,0,0,0,0,1,0,0,0,1,0,0,1,0,0,0,0,0,0,1,0
C585,0,0,0,0,1,0,0,0,1,0,0,1,0,0,0,0,0,0,0,1
C586,0,0,0,0,1,0,0,0,1,0,0,0,1,0,0,1,0,0,0,0
C587,0,0,0,0,1,0,0,0,1,0,0,0,1,0,0,0,1,0,0,0
C588,0,0,0,0,1,0,0,0,1,0,0,0,1,0,0,0,0,1,0,0
C589,0,0,0,0,1,0,0,0,1,0,0,0,1,0,0,0,0,0,1,0
C590,0,0,0,0,1,0,0,0,1,0,0,0,1,0,0,0,0,0,0,1
C591,0,0,0,0,1,0,0,0,1,0,0,0,0,1,0,1,0,0,0,0
C592,0,0,0,0,1,0,0,0,1,0,0,0,0,1,0,0,1,0,0,0
C593,0,0,0,0,1,0,0,0,1,0,0,0,0,1,0,0,0,1,0,0
C594,0,0,0,0,1,0,0,0,1,0,0,0,0,1,0,0,0,0,1,0
C595,0,0,0,0,1,0,0,0,1,0,0,0,0,1,0,0,0,0,0,1
C596,0,0,0,0,1,0,0,0,1,0,0,0,0,0,1,1,0,0,0,0
C597,0,0,0,0,1,0,0,0,1,0,0,0,0,0,1,0,1,0,0,0
C598,0,0,0,0,1,0,0,0,1,0,0,0,0,0,1,0,0,1,0,0
C599,0,0,0,0,1,0,0,0,1,0,0,0,0,0,1,0,0,0,1,0
C600,0,0,0,0,1,0,0,0,1,0,0,0,0,0,1,0,0,0,0,1
C601,0,0,0,0,1,0,0,0,0,1,1,0,0,0,0,1,0,0,0,0
C602,0,0,0,0,1,0,0,0,0,1,1,0,0,0,0,0,1,0,0,0
C603,0,0,0,0,1,0,0,0,0,1,1,0,0,0,0,0,0,1,0,0
C604,0,0,0,0,1,0,0,0,0,1,1,0,0,0,0,0,0,0,1,0
C605,0,0,0,0,1,0,0,0,0,1,1,0,0,0,0,0,0,0,0,1
C606,0,0,0,0,1,0,0,0,0,1,0,1,0,0,0,1,0,0,0,0
C607,0,0,0,0,1,0,0,0,0,1,0,1,0,0,0,0,1,0,0,0
C608,0,0,0,0,1,0,0,0,0,1,0,1,0,0,0,0,0,1,0,0
C609,0,0,0,0,1,0,0,0,0,1,0,1,0,0,0,0,0,0,1,0
C610,0,0,0,0,1,0,0,0,0,1,0,1,0,0,0,0,0,0,0,1
C611,0,0,0,0,1,0,0,0,0,1,0,0,1,0,0,1,0,0,0,0
C612,0,0,0,0,1,0,0,0,0,1,0,0,1,0,0,0,1,0,0,0
C613,0,0,0,0,1,0,0,0,0,1,0,0,1,0,0,0,0,1,0,0
C614,0,0,0,0,1,0,0,0,0,1,0,0,1,0,0,0,0,0,1,0
C615,0,0,0,0,1,0,0,0,0,1,0,0,1,0,0,0,0,0,0,1
C616,0,0,0,0,1,0,0,0,0,1,0,0,0,1,0,1,0,0,0,0
C617,0,0,0,0,1,0,0,0,0,1,0,0,0,1,0,0,1,0,0,0
C618,0,0,0,0,1,0,0,0,0,1,0,0,0,1,0,0,0,1,0,0
C619,0,0,0,0,1,0,0,0,0,1,0,0,0,1,0,0,0,0,1,0
C620,0,0,0,0,1,0,0,0,0,1,0,0,0,1,0,0,0,0,0,1
C621,0,0,0,0,1,0,0,0,0,1,0,0,0,0,1,1,0,0,0,0
C622,0,0,0,0,1,0,0,0,0,1,0,0,0,0,1,0,1,0,0,0
C623,0,0,0,0,1,0,0,0,0,1,0,0,0,0,1,0,0,1,0,0
C624,0,0,0,0,1,0,0,0,0,1,0,0,0,0,1,0,0,0,1,0
C625,0,0,0,0,1,0,0,0,0,1,0,0,0,0,1,0,0,0,0,1
